"Species","Longitude","Latitude"
"Andrena flavipes",7.623988,47.194602
"Andrena flavipes",6.577511,46.543499
"Andrena flavipes",6.544942,46.510535
"Andrena flavipes",6.044153,46.008444
"Andrena flavipes",7.403932,47.152253
"Andrena flavipes",6.853366,46.849573
"Andrena flavipes",7.59609,47.566806
"Andrena flavipes",7.300089,47.187674
"Andrena flavipes",6.011728,46.093451
"Andrena flavipes",8.91073,46.7392
"Andrena flavipes",7.80246,47.33279
"Andrena flavipes",7.86825,47.28759
"Andrena flavipes",7.73606,47.28801
"Andrena flavipes",6.68491,46.83615
"Andrena flavipes",7.01117,47.01775
"Andrena flavipes",6.81442,46.97186
"Andrena flavipes",9.43561,46.77621
"Andrena flavipes",9.5045,46.86497
"Andrena flavipes",7.33931,47.37829
"Andrena flavipes",8.26829,47.51028
"Andrena flavipes",7.87042,47.55741
"Andrena flavipes",8.46478,47.37378
"Andrena flavipes",8.66855,47.59667
"Andrena flavipes",7.93517,47.37727
"Andrena flavipes",7.47109,46.29891
"Andrena flavipes",6.04706,46.15538
"Andrena flavipes",7.1427,47.01816
"Andrena flavipes",6.75446,46.52173
"Andrena flavipes",8.20127,47.46577
"Andrena flavipes",7.47157,47.10849
"Andrena flavipes",8.5319,47.41814
"Andrena flavipes",6.81494,46.92689
"Andrena flavipes",8.13496,47.46618
"Andrena flavipes",8.66543,47.46178
"Andrena flavipes",8.86796,47.59438
"Andrena flavipes",6.88012,46.9722
"Andrena flavipes",6.1702,46.42674
"Andrena flavipes",7.01153,46.97277
"Andrena flavipes",7.14394,46.79328
"Andrena flavipes",7.80307,47.42273
"Andrena flavipes",8.53098,47.37317
"Andrena flavipes",8.60208,47.59735
"Andrena flavipes",7.73631,47.33298
"Andrena flavipes",8.80497,47.73006
"Andrena flavipes",7.53703,46.88358
"Andrena flavipes",7.07724,46.973
"Andrena flavipes",7.07785,46.88305
"Andrena flavipes",8.60604,47.7772
"Andrena flavipes",8.53468,47.55304
"Andrena flavipes",6.04591,46.20035
"Andrena flavipes",8.93442,47.59354
"Andrena flavipes",7.01403,46.65794
"Andrena flavipes",7.47159,47.15347
"Andrena flavipes",9.01525,45.83807
"Andrena flavipes",7.93309,47.15241
"Andrena flavipes",6.88199,46.7923
"Andrena flavipes",7.14369,46.83826
"Andrena flavipes",7.93643,47.51218
"Andrena flavipes",7.20807,47.10826
"Andrena flavipes",7.80276,47.37776
"Andrena flavipes",8.19935,47.33086
"Andrena flavipes",8.46826,47.55364
"Andrena flavipes",8.6696,47.64163
"Andrena flavipes",6.62006,46.79072
"Andrena flavipes",7.07418,47.42273
"Andrena flavipes",8.26549,47.3304
"Andrena flavipes",5.98235,46.15456
"Andrena flavipes",8.33541,47.55475
"Andrena flavipes",8.32714,47.06009
"Andrena flavipes",8.60405,47.68728
"Andrena flavipes",7.20904,46.88339
"Andrena flavipes",8.80381,47.6851
"Andrena flavipes",7.40578,46.97357
"Andrena flavipes",8.53561,47.598
"Andrena flavipes",9.51143,47.04481
"Andrena flavipes",7.86861,47.33256
"Andrena flavipes",7.80215,47.28782
"Andrena flavipes",7.40575,47.01854
"Andrena flavipes",9.57183,46.90873
"Andrena flavipes",6.23424,46.47242
"Andrena flavipes",6.55679,46.65531
"Andrena flavipes",6.49068,46.69976
"Andrena flavipes",7.07663,47.06295
"Andrena flavipes",7.60387,47.28827
"Andrena flavipes",7.34015,46.92855
"Andrena flavipes",8.46219,47.23888
"Andrena flavipes",6.29933,46.47309
"Andrena flavipes",7.99949,47.19708
"Andrena flavipes",7.86897,47.37753
"Andrena flavipes",7.86788,47.24262
"Andrena flavipes",8.60011,47.50742
"Andrena flavipes",7.34139,46.25389
"Andrena flavipes",5.98115,46.19953
"Andrena flavipes",9.57362,46.95369
"Andrena flavipes",6.75102,46.79159
"Andrena flavipes",7.80185,47.24285
"Andrena flavipes",7.87006,47.51244
"Andrena flavipes",7.47141,46.83864
"Andrena flavipes",8.00185,47.42194
"Andrena flavipes",6.94541,47.01748
"Andrena flavipes",6.36353,46.5187
"Andrena flavipes",9.37177,46.8223
"Andrena flavipes",7.14019,47.46789
"Andrena flavipes",7.20827,47.06329
"Andrena flavipes",7.47162,47.19844
"Andrena flavipes",6.49226,46.60981
"Andrena flavipes",8.67273,47.77651
"Andrena flavipes",7.20885,46.92836
"Andrena flavipes",7.14295,46.97319
"Andrena flavipes",7.07694,47.01797
"Andrena flavipes",8.47088,47.68854
"Andrena flavipes",8.47176,47.7335
"Andrena flavipes",8.6521,46.87719
"Andrena flavipes",7.60222,46.74857
"Andrena flavipes",8.59815,47.41749
"Andrena flavipes",7.99761,47.01719
"Andrena flavipes",6.87965,47.01718
"Andrena flavipes",8.20063,47.4208
"Andrena flavipes",7.66577,46.29868
"Andrena flavipes",8.53747,47.68793
"Andrena flavipes",6.55458,46.79023
"Andrena flavipes",7.60331,47.10838
"Andrena flavipes",7.40569,47.10849
"Andrena flavipes",9.11393,46.96133
"Andrena flavipes",8.00043,47.28702
"Andrena flavipes",9.43727,46.82117
"Andrena flavipes",8.00138,47.37697
"Andrena flavipes",6.49147,46.65479
"Andrena flavipes",6.36443,46.47373
"Andrena flavipes",8.13614,47.55612
"Andrena flavipes",8.13029,47.10642
"Andrena flavipes",7.80399,47.55764
"Andrena flavipes",8.13379,47.37625
"Andrena flavipes",9.20176,47.63476
"Andrena flavipes",6.74987,46.88154
"Andrena flavipes",7.93476,47.3323
"Andrena flavipes",9.69361,46.68141
"Andrena flavipes",7.01081,47.06272
"Andrena flavipes",7.67094,47.51301
"Andrena flavipes",7.3399,47.06348
"Andrena flavipes",8.20256,47.5557
"Andrena flavipes",8.60109,47.55239
"Andrena flavipes",9.38151,47.09207
"Andrena flavipes",8.95216,45.88392
"Andrena flavipes",9.76863,46.90489
"Andrena flavipes",8.19807,47.24092
"Andrena flavipes",8.00091,47.332
"Andrena flavipes",8.60307,47.64231
"Andrena flavipes",8.93316,47.54858
"Andrena flavipes",7.01189,46.9278
"Andrena flavipes",8.80149,47.59518
"Andrena flavipes",8.60504,47.73224
"Andrena flavipes",8.19871,47.28589
"Andrena flavipes",7.27436,46.97345
"Andrena flavipes",7.20865,46.97334
"Andrena flavipes",6.88292,46.70235
"Andrena flavipes",7.99902,47.15211
"Andrena flavipes",8.89015,45.97471
"Andrena flavipes",8.73722,47.68586
"Andrena flavipes",6.81755,46.70201
"Andrena flavipes",6.29839,46.51807
"Andrena flavipes",7.47151,47.01854
"Andrena flavipes",7.60087,46.29879
"Andrena flavipes",8.7946,47.3254
"Andrena flavipes",8.13087,47.15139
"Andrena flavipes",8.92435,47.23384
"Andrena flavipes",8.40102,47.50925
"Andrena flavipes",8.93189,47.50362
"Andrena flavipes",9.62828,46.68269
"Andrena flavipes",6.68554,46.79117
"Andrena flavipes",7.53695,46.8386
"Andrena flavipes",8.66027,47.23695
"Andrena flavipes",7.0172,46.25314
"Andrena flavipes",7.47146,46.92859
"Andrena flavipes",8.85834,47.23467
"Andrena flavipes",6.81806,46.65704
"Andrena flavipes",8.46913,47.59861
"Andrena flavipes",6.945,47.06246
"Andrena flavipes",8.26133,47.06058
"Andrena flavipes",7.07875,46.74812
"Andrena flavipes",6.88059,46.92723
"Andrena flavipes",7.01296,46.79287
"Andrena flavipes",9.56827,46.81881
"Andrena flavipes",8.67169,47.73155
"Andrena flavipes",7.08292,46.11843
"Andrena flavipes",7.47165,47.24341
"Andrena flavipes",9.10834,46.78147
"Andrena flavipes",8.0618,46.88193
"Andrena flavipes",7.60456,47.51313
"Andrena flavipes",8.46565,47.41875
"Andrena flavipes",8.58652,46.87787
"Andrena flavipes",6.23624,46.38248
"Andrena flavipes",6.81651,46.79196
"Andrena flavipes",7.60345,47.15335
"Andrena flavipes",6.95196,46.29786
"Andrena flavipes",6.88477,46.52245
"Andrena flavipes",8.59717,47.37253
"Andrena flavipes",8.86554,47.50446
"Andrena flavipes",8.59522,47.28259
"Andrena flavipes",6.94665,46.88256
"Andrena flavipes",8.64907,46.74228
"Andrena flavipes",9.50623,46.90993
"Andrena flavipes",8.84414,46.69505
"Andrena flavipes",7.60373,47.2433
"Andrena flavipes",7.53819,47.5132
"Andrena flavipes",7.34024,46.88358
"Andrena flavipes",7.66957,47.19821
"Andrena flavipes",7.20729,47.28816
"Andrena flavipes",7.66595,46.34366
"Andrena flavipes",7.93351,47.19738
"Andrena flavipes",7.21209,46.16375
"Andrena flavipes",9.26362,47.49887
"Andrena flavipes",7.80124,47.1529
"Andrena flavipes",7.27655,46.25381
"Andrena flavipes",6.62414,46.52087
"Andrena flavipes",6.42868,46.5193
"Andrena flavipes",8.53375,47.50807
"Andrena flavipes",8.20192,47.51073
"Andrena flavipes",8.26479,47.28543
"Andrena flavipes",8.06811,47.42159
"Andrena flavipes",9.23926,46.77948
"Andrena flavipes",6.23524,46.42745
"Andrena flavipes",7.99996,47.24205
"Andrena flavipes",7.20943,46.79343
"Andrena flavipes",7.33982,47.10845
"Andrena flavipes",8.2641,47.24046
"Andrena flavipes",7.01225,46.88282
"Andrena flavipes",9.51911,47.24263
"Andrena flavipes",7.01261,46.83784
"Andrena flavipes",7.47176,47.4233
"Andrena flavipes",8.73283,47.50602
"Andrena flavipes",8.79346,47.28044
"Andrena flavipes",7.86044,46.29813
"Andrena flavipes",7.66746,46.70348
"Andrena flavipes",7.66996,47.28816
"Andrena flavipes",8.33465,47.50978
"Andrena flavipes",8.6613,47.28191
"Andrena flavipes",7.67016,47.33313
"Andrena flavipes",7.1422,47.10811
"Andrena flavipes",8.59328,47.19266
"Andrena flavipes",9.13237,47.54584
"Andrena flavipes",7.20962,46.74846
"Andrena flavipes",6.88615,46.38751
"Andrena flavipes",7.27395,47.10838
"Andrena flavipes",6.48989,46.74473
"Andrena flavipes",6.81599,46.83694
"Andrena flavipes",6.62347,46.56585
"Andrena flavipes",9.83423,46.90353
"Andrena flavipes",8.46133,47.19391
"Andrena flavipes",7.27325,47.33324
"Andrena flavipes",7.5381,47.46823
"Andrena flavipes",6.17125,46.38177
"Andrena flavipes",8.3994,47.41932
"Andrena flavipes",7.53752,47.15343
"Andrena flavipes",7.73581,47.24304
"Andrena flavipes",6.42531,46.6992
"Andrena flavipes",7.07754,46.92802
"Andrena flavipes",6.88106,46.88225
"Andrena flavipes",8.80265,47.64014
"Andrena flavipes",7.93434,47.28733
"Andrena flavipes",6.88246,46.74733
"Andrena flavipes",8.79232,47.23547
"Andrena flavipes",6.23324,46.51739
"Andrena flavipes",8.46392,47.32881
"Andrena flavipes",8.46305,47.28384
"Andrena flavipes",6.61937,46.8357
"Andrena flavipes",8.06971,47.5565
"Andrena flavipes",8.93569,47.6385
"Andrena flavipes",7.01332,46.74789
"Andrena flavipes",8.13437,47.42122
"Andrena flavipes",8.86917,47.63934
"Andrena flavipes",9.00089,47.59267
"Andrena flavipes",8.5273,47.1933
"Andrena flavipes",9.01655,45.88303
"Andrena flavipes",8.26899,47.55524
"Andrena flavipes",7.53598,46.29887
"Andrena flavipes",8.95589,46.01883
"Andrena flavipes",7.93392,47.24236
"Andrena flavipes",8.39697,47.28441
"Andrena flavipes",7.66977,47.24319
"Andrena flavipes",7.07479,47.33278
"Andrena flavipes",7.92533,46.29787
"Andrena flavipes",8.13262,47.28631
"Andrena flavipes",7.53606,46.34385
"Andrena flavipes",7.53785,47.33332
"Andrena flavipes",8.06865,47.46656
"Andrena flavipes",8.66647,47.50674
"Andrena flavipes",6.11068,46.20113
"Andrena flavipes",7.73731,47.51286
"Andrena flavipes",7.80369,47.51267
"Andrena flavipes",6.48751,46.87965
"Andrena flavipes",6.42616,46.65422
"Andrena flavipes",7.27505,46.74857
"Andrena flavipes",8.00233,47.46691
"Andrena flavipes",8.39616,47.23944
"Andrena flavipes",7.604,47.33324
"Andrena flavipes",8.06652,47.28668
"Andrena flavipes",7.20923,46.83841
"Andrena flavipes",7.5359,46.25389
"Andrena flavipes",7.1476,46.11862
"Andrena flavipes",8.26759,47.46531
"Andrena flavipes",6.62279,46.61082
"Andrena flavipes",8.73502,47.59594
"Andrena flavipes",7.07387,47.4677
"Andrena flavipes",7.33974,47.15343
"Andrena flavipes",7.40581,46.92859
"Andrena flavipes",8.33088,47.28494
"Andrena flavipes",7.53769,47.24338
"Andrena flavipes",7.0165,46.3431
"Andrena flavipes",7.08055,46.47825
"Andrena flavipes",7.14044,47.42292
"Andrena flavipes",7.40572,47.06352
"Andrena flavipes",7.93185,47.01749
"Andrena flavipes",8.59913,47.46246
"Andrena flavipes",8.5384,47.73289
"Andrena flavipes",8.51975,47.47222
"Andrena flavipes",8.72955,47.37112
"Andrena flavipes",9.52896,47.49438
"Andrena flavipes",8.6644,47.41681
"Andrena flavipes",7.21019,46.61352
"Andrena flavipes",7.07815,46.83807
"Andrena flavipes",8.73612,47.6409
"Andrena flavipes",7.14245,47.06314
"Andrena flavipes",8.52548,47.10336
"Andrena flavipes",7.60442,47.46816
"Andrena flavipes",8.53006,47.32821
"Andrena flavipes",7.20788,47.15324
"Andrena flavipes",8.4579,47.01402
"Andrena flavipes",9.51317,47.08977
"Andrena flavipes",7.40552,47.37833
"Andrena flavipes",7.2071,47.33313
"Andrena flavipes",7.73506,47.10812
"Andrena flavipes",7.47149,46.97357
"Andrena flavipes",9.43394,46.73125
"Andrena flavipes",8.06442,47.1068
"Andrena flavipes",7.53711,46.92855
"Andrena flavipes",8.13555,47.51115
"Andrena flavipes",8.3264,47.01512
"Andrena flavipes",8.12112,46.38682
"Andrena flavipes",9.06873,47.63671
"Andrena flavipes",8.99824,47.50275
"Andrena flavipes",10.35397,46.80145
"Andrena flavipes",8.26619,47.37537
"Andrena flavipes",9.50796,46.95489
"Andrena flavipes",7.1417,47.19806
"Andrena flavipes",7.66727,46.65851
"Andrena flavipes",8.52914,47.28324
"Andrena flavipes",6.68742,46.65625
"Andrena flavipes",6.17545,46.20188
"Andrena flavipes",9.32677,47.40789
"Andrena flavipes",8.86675,47.54942
"Andrena flavipes",9.56295,46.68393
"Andrena flavipes",9.64112,46.9974
"Andrena flavipes",6.88523,46.47747
"Andrena flavipes",8.7263,47.23623
"Andrena flavipes",7.40625,46.20895
"Andrena flavipes",9.32836,47.45284
"Andrena flavipes",8.26064,47.01561
"Andrena flavipes",8.19999,47.37583
"Andrena flavipes",7.08262,46.16341
"Andrena flavipes",8.00281,47.51187
"Andrena flavipes",8.76552,46.15618
"Andrena flavipes",7.79555,46.29835
"Andrena flavipes",8.32565,46.97014
"Andrena flavipes",9.37016,46.77734
"Andrena flavipes",6.88339,46.65738
"Andrena flavipes",8.06918,47.51153
"Andrena flavipes",7.66861,46.97334
"Andrena flavipes",7.99389,46.65738
"Andrena flavipes",9.50969,46.99985
"Andrena flavipes",6.35995,46.6986
"Andrena flavipes",7.80154,47.19787
"Andrena flavipes",8.33239,47.37488
"Andrena flavipes",7.2745,46.92848
"Andrena flavipes",9.44229,46.95606
"Andrena flavipes",8.99956,47.54771
"Andrena flavipes",7.93268,47.10744
"Andrena flavipes",7.53728,47.0185
"Andrena flavipes",7.47178,47.46827
"Andrena flavipes",7.60277,46.92848
"Andrena flavipes",7.86716,47.15267
"Andrena flavipes",9.57541,46.99865
"Andrena flavipes",6.94624,46.92753
"Andrena flavipes",6.62142,46.70077
"Andrena flavipes",6.81961,46.52211
"Andrena flavipes",8.9534,45.92889
"Andrena flavipes",8.72738,47.28119
"Andrena flavipes",8.33163,47.32991
"Andrena flavipes",8.20321,47.60067
"Andrena flavipes",8.40021,47.46428
"Andrena flavipes",9.62464,46.59277
"Andrena flavipes",7.66938,47.15324
"Andrena flavipes",8.003288,47.556838
"Andrena flavipes",9.514914,47.134728
"Andrena flavipes",7.014382,46.612963
"Andrena flavipes",6.622105,46.655807
"Andrena flavipes",7.079651,46.613188
"Andrena flavipes",8.670633,47.686587
"Andrena flavipes",7.671144,47.55798
"Andrena flavipes",8.401835,47.554213
"Andrena flavipes",7.870797,47.602377
"Andrena flavipes",8.662331,47.326876
"Andrena flavipes",7.804312,47.602605
"Andrena flavipes",8.65109,46.832213
"Andrena flavipes",8.472627,47.778456
"Andrena flavipes",7.737574,47.557828
"Andrena flavipes",7.147343,46.163598
"Andrena flavipes",8.730642,47.416087
"Andrena flavipes",6.163432,46.355102
"Andrena flavipes",8.46652,47.46371
"Andrena flavipes",7.1432,46.92821
"Andrena flavipes",6.17335,46.29182
